"Data Source","World Development Indicators",

"Last Updated Date","2024-11-13",

"Country Name","Country Code","Indicator Name","Indicator Code","1960","1961","1962","1963","1964","1965","1966","1967","1968","1969","1970","1971","1972","1973","1974","1975","1976","1977","1978","1979","1980","1981","1982","1983","1984","1985","1986","1987","1988","1989","1990","1991","1992","1993","1994","1995","1996","1997","1998","1999","2000","2001","2002","2003","2004","2005","2006","2007","2008","2009","2010","2011","2012","2013","2014","2015","2016","2017","2018","2019","2020","2021","2022","2023",
"Aruba","ABW","Income share held by third 20%","SI.DST.03RD.20","","","","","","","","","","","","","","","","","","","","","","","","","","","","","","","","","","","","","","","","","","","","","","","","","","","","","","","","","","","","","","","","",
"Africa Eastern and Southern","AFE","Income share held by third 20%","SI.DST.03RD.20","","","","","","","","","","","","","","","","","","","","","","","","","","","","","","","","","","","","","","","","","","","","","","","","","","","","","","","","","","","","","","","","",
"Afghanistan","AFG","Income share held by third 20%","SI.DST.03RD.20","","","","","","","","","","","","","","","","","","","","","","","","","","","","","","","","","","","","","","","","","","","","","","","","","","","","","","","","","","","","","","","","",
"Africa Western and Central","AFW","Income share held by third 20%","SI.DST.03RD.20","","","","","","","","","","","","","","","","","","","","","","","","","","","","","","","","","","","","","","","","","","","","","","","","","","","","","","","","","","","","","","","","",
"Angola","AGO","Income share held by third 20%","SI.DST.03RD.20","","","","","","","","","","","","","","","","","","","","","","","","","","","","","","","","","","","","","","","","","12.7","","","","","","","","14.5","","","","","","","","","","12.6","","","","","",
"Albania","ALB","Income share held by third 20%","SI.DST.03RD.20","","","","","","","","","","","","","","","","","","","","","","","","","","","","","","","","","","","","","17.6","","","","","","16.5","","","17","","","16.8","","","","17.3","","16.4","16.5","16.4","16.5","17.5","17","17.3","","","",
"Andorra","AND","Income share held by third 20%","SI.DST.03RD.20","","","","","","","","","","","","","","","","","","","","","","","","","","","","","","","","","","","","","","","","","","","","","","","","","","","","","","","","","","","","","","","","",
"Arab World","ARB","Income share held by third 20%","SI.DST.03RD.20","","","","","","","","","","","","","","","","","","","","","","","","","","","","","","","","","","","","","","","","","","","","","","","","","","","","","","","","","","","","","","","","",
"United Arab Emirates","ARE","Income share held by third 20%","SI.DST.03RD.20","","","","","","","","","","","","","","","","","","","","","","","","","","","","","","","","","","","","","","","","","","","","","","","","","","","","","","18","","","","","18.9","","","","","",
"Argentina","ARG","Income share held by third 20%","SI.DST.03RD.20","","","","","","","","","","","","","","","","","","","","","15.4","","","","","","14.6","14.1","","","","13.3","13.9","14.3","14","13.3","13.1","13.2","12.7","13.1","12.8","12.3","12.2","12.7","13.6","13.7","14.2","14.2","14.5","15","14.9","15","15.4","15.5","15.1","","15.1","15.3","15.3","14.9","15","14.9","15.2","",
"Armenia","ARM","Income share held by third 20%","SI.DST.03RD.20","","","","","","","","","","","","","","","","","","","","","","","","","","","","","","","","","","","","","","","","15.4","","15.6","15.6","15.9","15","15.2","17","16.7","17","17.2","16.8","17","17.1","16.9","16.9","16.7","17","15.9","15.9","17","17.8","17.3","17.5","",
"American Samoa","ASM","Income share held by third 20%","SI.DST.03RD.20","","","","","","","","","","","","","","","","","","","","","","","","","","","","","","","","","","","","","","","","","","","","","","","","","","","","","","","","","","","","","","","","",
"Antigua and Barbuda","ATG","Income share held by third 20%","SI.DST.03RD.20","","","","","","","","","","","","","","","","","","","","","","","","","","","","","","","","","","","","","","","","","","","","","","","","","","","","","","","","","","","","","","","","",
"Australia","AUS","Income share held by third 20%","SI.DST.03RD.20","","","","","","","","","","","","","","","","","","","","","","17","","","","16.6","","","","16.7","","","","","","16.7","","","","","","16.5","","16.5","16.5","","","","15.9","","16.1","","","","16.2","","16.5","","16.4","","","","","",
"Austria","AUT","Income share held by third 20%","SI.DST.03RD.20","","","","","","","","","","","","","","","","","","","","","","","","","","","","","","","","","","","17","17.3","17.4","17.6","16.9","17.3","17.5","","","17.4","17.2","17.5","17.2","17.3","17.5","17.4","17.5","17.4","17.5","17.2","17.5","17.7","17.6","17.8","17.4","17.5","17.8","17.7","","",
"Azerbaijan","AZE","Income share held by third 20%","SI.DST.03RD.20","","","","","","","","","","","","","","","","","","","","","","","","","","","","","","","","","","","","16.4","","","","","","15.3","17.1","17.1","16.7","16.7","","","","","","","","","","","","","","","","","","",
"Burundi","BDI","Income share held by third 20%","SI.DST.03RD.20","","","","","","","","","","","","","","","","","","","","","","","","","","","","","","","","","16.3","","","","","","15.2","","","","","","","","15.3","","","","","","","15","","","","","","","15.3","","","",
"Belgium","BEL","Income share held by third 20%","SI.DST.03RD.20","","","","","","","","","","","","","","","","","","","","","","","","","","18.3","","","18.2","","","","18.4","","","17.8","","18","","","16.3","","","17.9","17.1","17.3","17.7","17.4","17.6","17.7","17.8","18","18","18","17.8","18.1","18.1","18.1","18","17.9","18.1","17.9","","",
"Benin","BEN","Income share held by third 20%","SI.DST.03RD.20","","","","","","","","","","","","","","","","","","","","","","","","","","","","","","","","","","","","","","","","","","","","15","","","","","","","","13.4","","","","14.1","","","15","","","16.1","","",
"Burkina Faso","BFA","Income share held by third 20%","SI.DST.03RD.20","","","","","","","","","","","","","","","","","","","","","","","","","","","","","","","","","","","12","","","","12.1","","","","","14","","","","","","14.7","","","","","15","","","","13.6","","","15.1","","",
"Bangladesh","BGD","Income share held by third 20%","SI.DST.03RD.20","","","","","","","","","","","","","","","","","","","","","","","","17.9","","17.2","","","17","","","17.3","","","","15.7","","","","","15.6","","","","","15.6","","","","","16","","","","","","16.1","","","","","","16","",
"Bulgaria","BGR","Income share held by third 20%","SI.DST.03RD.20","","","","","","","","","","","","","","","","","","","","","","","","","","","","","","","","","","","","","","","","","","","","","","","17.1","16.3","16.9","17","16.7","17.1","16.6","16.7","16.2","16.2","15.5","15.4","14.9","15.2","14.9","15.5","","",
"Bahrain","BHR","Income share held by third 20%","SI.DST.03RD.20","","","","","","","","","","","","","","","","","","","","","","","","","","","","","","","","","","","","","","","","","","","","","","","","","","","","","","","","","","","","","","","","",
"Bahamas, The","BHS","Income share held by third 20%","SI.DST.03RD.20","","","","","","","","","","","","","","","","","","","","","","","","","","","","","","","","","","","","","","","","","","","","","","","","","","","","","","","","","","","","","","","","",
"Bosnia and Herzegovina","BIH","Income share held by third 20%","SI.DST.03RD.20","","","","","","","","","","","","","","","","","","","","","","","","","","","","","","","","","","","","","","","","","","17","","","16.3","","","16.6","","","","16.7","","","","","","","","","","","","",
"Belarus","BLR","Income share held by third 20%","SI.DST.03RD.20","","","","","","","","","","","","","","","","","","","","","","","","","","","","","","","","","","","","","","","16.9","17.2","17.2","17.2","17.3","17.5","17.9","17.8","17.7","17.3","17.7","17.7","17.5","17.8","17.9","17.8","17.7","17.9","17.9","17.8","17.8","17.9","18","","","",
"Belize","BLZ","Income share held by third 20%","SI.DST.03RD.20","","","","","","","","","","","","","","","","","","","","","","","","","","","","","","","","","","10","9.8","","10.7","10.2","11.3","12","","","","","","","","","","","","","","","","","","","","","","","","",
"Bermuda","BMU","Income share held by third 20%","SI.DST.03RD.20","","","","","","","","","","","","","","","","","","","","","","","","","","","","","","","","","","","","","","","","","","","","","","","","","","","","","","","","","","","","","","","","",
"Bolivia","BOL","Income share held by third 20%","SI.DST.03RD.20","","","","","","","","","","","","","","","","","","","","","","","","","","","","","","","14.5","","12.5","","","","","11.1","","11.7","10.7","11.6","11","","11.4","10.8","11.3","11.8","13.1","13.9","","14.3","14.5","14","13.8","14.2","14.7","14.9","15.2","15","14.5","15.3","","",
"Brazil","BRA","Income share held by third 20%","SI.DST.03RD.20","","","","","","","","","","","","","","","","","","","","","","10.5","10.3","10","10.2","11","10.3","10.1","9.5","8.9","9.7","","12.2","10.1","","10.1","10","10","10","10.2","","10.5","10.5","10.7","11","11.1","11.2","11.6","11.8","11.9","","12.2","12","12.2","12.3","12.4","12","12.1","12","12.2","12.9","12.1","12.3","",
"Barbados","BRB","Income share held by third 20%","SI.DST.03RD.20","","","","","","","","","","","","","","","","","","","","","","","","","","","","","","","","","","","","","","","","","","","","","","","","","","","","","","","","","","","","","","","","",
"Brunei Darussalam","BRN","Income share held by third 20%","SI.DST.03RD.20","","","","","","","","","","","","","","","","","","","","","","","","","","","","","","","","","","","","","","","","","","","","","","","","","","","","","","","","","","","","","","","","",
"Bhutan","BTN","Income share held by third 20%","SI.DST.03RD.20","","","","","","","","","","","","","","","","","","","","","","","","","","","","","","","","","","","","","","","","","","","","14.2","","","","15.3","","","","","15","","","","","15.5","","","","","17.6","",
"Botswana","BWA","Income share held by third 20%","SI.DST.03RD.20","","","","","","","","","","","","","","","","","","","","","","","","","","11.4","","","","","","","","9.9","","","","","","","","","7.8","","","","","","","9.5","","","","","","11.1","","","","","","","","",
"Central African Republic","CAF","Income share held by third 20%","SI.DST.03RD.20","","","","","","","","","","","","","","","","","","","","","","","","","","","","","","","","","9.4","","","","","","","","","","","","","","","","11.1","","","","","","","","","","","","","14.1","","",
"Canada","CAN","Income share held by third 20%","SI.DST.03RD.20","","","","","","","","","","","","16.4","","16.8","","16.9","","17.1","","17.1","","17","17","","17","17","17.4","17.3","17.3","17.5","17.5","17.3","17.4","17.4","17.4","17.5","17.1","17","17","17.1","17","16.9","16.9","16.9","16.9","16.9","16.7","16.7","16.8","16.8","16.8","17","17.2","17.1","17.1","17","17.2","17.1","17.1","17.2","","","","",
"Central Europe and the Baltics","CEB","Income share held by third 20%","SI.DST.03RD.20","","","","","","","","","","","","","","","","","","","","","","","","","","","","","","","","","","","","","","","","","","","","","","","","","","","","","","","","","","","","","","","","",
"Switzerland","CHE","Income share held by third 20%","SI.DST.03RD.20","","","","","","","","","","","","","","","","","","","","","","","15.7","","","","","","","","","","16.5","","","","","","","","16.3","","16.8","","16.7","","16.5","16.4","16.5","16.6","16.8","17","16.8","16.6","16.6","16.8","16.6","16.7","16.8","16.4","16.5","","","",
"Channel Islands","CHI","Income share held by third 20%","SI.DST.03RD.20","","","","","","","","","","","","","","","","","","","","","","","","","","","","","","","","","","","","","","","","","","","","","","","","","","","","","","","","","","","","","","","","",
"Chile","CHL","Income share held by third 20%","SI.DST.03RD.20","","","","","","","","","","","","","","","","","","","","","","","","","","","","10.6","","","10.3","","11","","10.6","","11","","10.9","","11.8","","","12.2","","","12.9","","","12.9","","12.9","","12.9","","13.3","","13.3","","","13.1","","14","",
"China","CHN","Income share held by third 20%","SI.DST.03RD.20","","","","","","","","","","","","","","","","","","","","","","","","","","","","","","","16.4","","","15.9","","","15.9","","","15.1","","","14.4","","","14.7","","","14.5","","14.3","14.6","14.7","15","15.2","15.3","15.3","15.1","15.3","15.2","15.3","15.7","","",
"Cote d'Ivoire","CIV","Income share held by third 20%","SI.DST.03RD.20","","","","","","","","","","","","","","","","","","","","","","","","","","13.8","15.2","14.8","15.5","","","","15.3","","","14.5","","","15.2","","","","13.7","","","","","","14.2","","","","","","","14.6","","","15.4","","","15.7","","",
"Cameroon","CMR","Income share held by third 20%","SI.DST.03RD.20","","","","","","","","","","","","","","","","","","","","","","","","","","","","","","","","","","","","","13","","","","","14.2","","","","","","14","","","","","","","13.7","","","","","","","14.7","","",
"Congo, Dem. Rep.","COD","Income share held by third 20%","SI.DST.03RD.20","","","","","","","","","","","","","","","","","","","","","","","","","","","","","","","","","","","","","","","","","","","","","14.3","","","","","","","","14.5","","","","","","","","13.7","","","",
"Congo, Rep.","COG","Income share held by third 20%","SI.DST.03RD.20","","","","","","","","","","","","","","","","","","","","","","","","","","","","","","","","","","","","","","","","","","","","","","12.8","","","","","","13.2","","","","","","","","","","","","",
"Colombia","COL","Income share held by third 20%","SI.DST.03RD.20","","","","","","","","","","","","","","","","","","","","","11.6","","","","","","","","12.1","12","","12.6","12.2","","","","11.3","","","10.9","11","11.1","10.9","11.7","11.1","11.5","","","11.4","11.6","11.4","11.7","12","12.1","12.1","12.5","12.6","12.8","12.6","12.4","12","11.3","11.3","",
"Comoros","COM","Income share held by third 20%","SI.DST.03RD.20","","","","","","","","","","","","","","","","","","","","","","","","","","","","","","","","","","","","","","","","","","","","","10.8","","","","","","","","","","13.9","","","","","","","","","",
"Cabo Verde","CPV","Income share held by third 20%","SI.DST.03RD.20","","","","","","","","","","","","","","","","","","","","","","","","","","","","","","","","","","","","","","","","","","11.7","","","","","","13","","","","","","","","14.3","","","","","","","","",
"Costa Rica","CRI","Income share held by third 20%","SI.DST.03RD.20","","","","","","","","","","","","","","","","","","","","","","14.1","","","","","18.1","","","14.7","14.6","14.4","14.4","14.3","14","14.3","14","14.2","14.1","13.5","13.7","12.4","12.2","13","13.1","13.3","12.8","12.6","12.8","12.3","12.9","12.9","13","12.6","12.8","12.8","12.8","12.8","13","12.8","12.6","12.8","13.1","13.4",
"Caribbean small states","CSS","Income share held by third 20%","SI.DST.03RD.20","","","","","","","","","","","","","","","","","","","","","","","","","","","","","","","","","","","","","","","","","","","","","","","","","","","","","","","","","","","","","","","","",
"Cuba","CUB","Income share held by third 20%","SI.DST.03RD.20","","","","","","","","","","","","","","","","","","","","","","","","","","","","","","","","","","","","","","","","","","","","","","","","","","","","","","","","","","","","","","","","",
"Curacao","CUW","Income share held by third 20%","SI.DST.03RD.20","","","","","","","","","","","","","","","","","","","","","","","","","","","","","","","","","","","","","","","","","","","","","","","","","","","","","","","","","","","","","","","","",
"Cayman Islands","CYM","Income share held by third 20%","SI.DST.03RD.20","","","","","","","","","","","","","","","","","","","","","","","","","","","","","","","","","","","","","","","","","","","","","","","","","","","","","","","","","","","","","","","","",
"Cyprus","CYP","Income share held by third 20%","SI.DST.03RD.20","","","","","","","","","","","","","","","","","","","","","","","","","","","","","","","","","","","","","","","","","","","","","17","16.9","16.7","16.7","16.6","16.4","16.4","16.2","15.8","15.1","15.8","16.2","16.3","16.7","16.3","16.7","16.5","16.8","","",
"Czechia","CZE","Income share held by third 20%","SI.DST.03RD.20","","","","","","","","","","","","","","","","","","","","","","","","","","","","","","","","","18.4","17","","","17.8","","","","","","17.8","","17.7","17.8","17.7","17.7","17.6","17.7","17.7","17.9","17.9","17.8","17.8","17.8","17.7","17.7","17.6","17.6","17.6","17.5","","",
"Germany","DEU","Income share held by third 20%","SI.DST.03RD.20","","","","","","","","","","","","","","","","","","","","","","","","","","","","","","","","17.1","17.2","17.2","17.6","17.6","17.6","17.6","17.5","17.3","17.4","17","17.1","17.2","17","16.8","16.8","16.8","17","17.1","17.1","16.9","17","16.9","17.2","17","17.2","17.2","17","17.1","17","","","",
"Djibouti","DJI","Income share held by third 20%","SI.DST.03RD.20","","","","","","","","","","","","","","","","","","","","","","","","","","","","","","","","","","","","","","","","","","","15.1","","","","","","","","","","14.4","14.6","","","","15.1","","","","","","",
"Dominica","DMA","Income share held by third 20%","SI.DST.03RD.20","","","","","","","","","","","","","","","","","","","","","","","","","","","","","","","","","","","","","","","","","","","","","","","","","","","","","","","","","","","","","","","","",
"Denmark","DNK","Income share held by third 20%","SI.DST.03RD.20","","","","","","","","","","","","","","","","","","","","","","","","","","","","18","","","","","18.3","","","18.3","","","","","18.1","","","17.9","18","17.9","17.7","17.6","18","17.9","17.6","17.5","17.4","17.3","17.3","17.2","17.3","17.2","17.3","17.3","17.5","17.3","","",
"Dominican Republic","DOM","Income share held by third 20%","SI.DST.03RD.20","","","","","","","","","","","","","","","","","","","","","","","","","","","13.8","","","12.5","","","12.3","","","","13.5","13.3","","","12.3","12.7","13","12.1","12","12.6","12","12.9","13","12.8","13.1","12.9","13.5","13","13.9","13.8","13.8","14.4","13.9","14.4","14.9","15.2","15.7","",
"Algeria","DZA","Income share held by third 20%","SI.DST.03RD.20","","","","","","","","","","","","","","","","","","","","","","","","","","","","","15.6","","","","","","","16.2","","","","","","","","","","","","","","","","17.5","","","","","","","","","","","","",
"East Asia & Pacific (excluding high income)","EAP","Income share held by third 20%","SI.DST.03RD.20","","","","","","","","","","","","","","","","","","","","","","","","","","","","","","","","","","","","","","","","","","","","","","","","","","","","","","","","","","","","","","","","",
"Early-demographic dividend","EAR","Income share held by third 20%","SI.DST.03RD.20","","","","","","","","","","","","","","","","","","","","","","","","","","","","","","","","","","","","","","","","","","","","","","","","","","","","","","","","","","","","","","","","",
"East Asia & Pacific","EAS","Income share held by third 20%","SI.DST.03RD.20","","","","","","","","","","","","","","","","","","","","","","","","","","","","","","","","","","","","","","","","","","","","","","","","","","","","","","","","","","","","","","","","",
"Europe & Central Asia (excluding high income)","ECA","Income share held by third 20%","SI.DST.03RD.20","","","","","","","","","","","","","","","","","","","","","","","","","","","","","","","","","","","","","","","","","","","","","","","","","","","","","","","","","","","","","","","","",
"Europe & Central Asia","ECS","Income share held by third 20%","SI.DST.03RD.20","","","","","","","","","","","","","","","","","","","","","","","","","","","","","","","","","","","","","","","","","","","","","","","","","","","","","","","","","","","","","","","","",
"Ecuador","ECU","Income share held by third 20%","SI.DST.03RD.20","","","","","","","","","","","","","","","","","","","","","","","","","","","","13.3","","","","","","","12","12.5","","","12.5","10.7","11.2","","","11.9","11.8","12","12.1","11.7","12.9","13.1","13","13.9","14","13.5","14","13.8","14.1","14.3","14","13.9","13.6","13.9","14","14.2",
"Egypt, Arab Rep.","EGY","Income share held by third 20%","SI.DST.03RD.20","","","","","","","","","","","","","","","","","","","","","","","","","","","","","","","16.3","","","","","16.4","","","","16.3","","","","","16.1","","","","16.2","","16.4","","16.7","","","16","","16.2","","16.1","","","","",
"Euro area","EMU","Income share held by third 20%","SI.DST.03RD.20","","","","","","","","","","","","","","","","","","","","","","","","","","","","","","","","","","","","","","","","","","","","","","","","","","","","","","","","","","","","","","","","",
"Eritrea","ERI","Income share held by third 20%","SI.DST.03RD.20","","","","","","","","","","","","","","","","","","","","","","","","","","","","","","","","","","","","","","","","","","","","","","","","","","","","","","","","","","","","","","","","",
"Spain","ESP","Income share held by third 20%","SI.DST.03RD.20","","","","","","","","","","","","","","","","","","","","","16.7","","","","","16.5","","","","","17.1","","","16.6","16.8","16.6","16.6","16.7","16.8","16.8","16.8","","","17.5","17.1","17.4","17.2","16.9","17","16.9","16.8","16.9","17","17","17","17","17.1","17.2","17.1","17.3","17.2","17.2","","",
"Estonia","EST","Income share held by third 20%","SI.DST.03RD.20","","","","","","","","","","","","","","","","","","","","","","","","","","","","","","","","","","","","","","","","","","","","15.8","16.4","16.3","16.3","16.7","16.6","16.9","17","16.6","16.5","15.9","16.1","16.4","16.8","17","17.1","16.9","16.8","16.7","","",
"Ethiopia","ETH","Income share held by third 20%","SI.DST.03RD.20","","","","","","","","","","","","","","","","","","","","","","","","","","","","","","","","","","","","13.4","","","","16.8","","","","","16.9","","","","","","16.3","","","","","16.3","","","","","","","","",
"European Union","EUU","Income share held by third 20%","SI.DST.03RD.20","","","","","","","","","","","","","","","","","","","","","","","","","","","","","","","","","","","","","","","","","","","","","","","","","","","","","","","","","","","","","","","","",
"Fragile and conflict affected situations","FCS","Income share held by third 20%","SI.DST.03RD.20","","","","","","","","","","","","","","","","","","","","","","","","","","","","","","","","","","","","","","","","","","","","","","","","","","","","","","","","","","","","","","","","",
"Finland","FIN","Income share held by third 20%","SI.DST.03RD.20","","","","","","","","","","","","","","","","","","","","","","","","","","","","18.5","","","","18.2","","","","17.9","","","","","17.5","","","17.4","17.2","17.3","17.3","17.3","17.3","17.5","17.4","17.3","17.5","17.5","17.5","17.5","17.5","17.4","17.5","17.4","17.4","17.3","","",
"Fiji","FJI","Income share held by third 20%","SI.DST.03RD.20","","","","","","","","","","","","","","","","","","","","","","","","","","","","","","","","","","","","","","","","","","","15.2","","","","","","14.4","","","","","15.2","","","","","","16.8","","","","",
"France","FRA","Income share held by third 20%","SI.DST.03RD.20","","","","","","","","","","","15.4","","","","","15.8","","","","16.4","","","","","16.7","","","","","","16.9","","","","","","17.2","17.2","17.1","16.9","16.9","16.9","16.9","16.8","17","17.2","17.3","16.5","16.5","16.7","16.3","16.4","16.5","16.6","16.7","16.7","16.9","16.9","16.7","17.3","17.5","17.4","","",
"Faroe Islands","FRO","Income share held by third 20%","SI.DST.03RD.20","","","","","","","","","","","","","","","","","","","","","","","","","","","","","","","","","","","","","","","","","","","","","","","","","","","","","","","","","","","","","","","","",
"Micronesia, Fed. Sts.","FSM","Income share held by third 20%","SI.DST.03RD.20","","","","","","","","","","","","","","","","","","","","","","","","","","","","","","","","","","","","","","","","","","","","","","14.7","","","","","","","","15.3","","","","","","","","","","",
"Gabon","GAB","Income share held by third 20%","SI.DST.03RD.20","","","","","","","","","","","","","","","","","","","","","","","","","","","","","","","","","","","","","","","","","","","","","","14.4","","","","","","","","","","","","15.7","","","","","","",
"United Kingdom","GBR","Income share held by third 20%","SI.DST.03RD.20","","","","","","","","","17.4","17.3","17.2","16.9","17.2","16.9","17","17.3","17.4","17.5","17.6","17.4","17.1","17.1","17.1","17.1","17.3","16.9","16.8","16.2","16.1","16.5","15.9","16.2","16.3","16.3","16","16.1","16.2","16.1","15.9","15.9","15.3","15.7","16.3","16.3","16.2","16.2","16.1","16.6","16.2","16.2","16.6","16.7","16.7","16.8","16.8","16.8","16.9","17.1","16.8","17.2","16.9","17.1","","",
"Georgia","GEO","Income share held by third 20%","SI.DST.03RD.20","","","","","","","","","","","","","","","","","","","","","","","","","","","","","","","","","","","","","16.2","15.6","15.5","15.6","15.4","15.4","16","16.2","16.5","16","16","15.7","15.7","15.7","15.6","15.5","15.6","15.6","15.8","15.9","15.9","15.8","16.2","16.2","16.7","16.9","17","",
"Ghana","GHA","Income share held by third 20%","SI.DST.03RD.20","","","","","","","","","","","","","","","","","","","","","","","","","","","","16.3","16","","","15.2","","","","","","","15","","","","","","","14.6","","","","","","","14.6","","","","14.8","","","","","","","",
"Gibraltar","GIB","Income share held by third 20%","SI.DST.03RD.20","","","","","","","","","","","","","","","","","","","","","","","","","","","","","","","","","","","","","","","","","","","","","","","","","","","","","","","","","","","","","","","","",
"Guinea","GIN","Income share held by third 20%","SI.DST.03RD.20","","","","","","","","","","","","","","","","","","","","","","","","","","","","","","","","14.3","","","13.3","","","","","","","","14.1","","","","","14.8","","","","","16.4","","","","","","17.3","","","","","",
"Gambia, The","GMB","Income share held by third 20%","SI.DST.03RD.20","","","","","","","","","","","","","","","","","","","","","","","","","","","","","","","","","","","","","","","12.9","","","","","13","","","","","","","14.1","","","","","15.7","","","","","15.2","","","",
"Guinea-Bissau","GNB","Income share held by third 20%","SI.DST.03RD.20","","","","","","","","","","","","","","","","","","","","","","","","","","","","","","","","12","","14.2","","","","","","","","","15.8","","","","","","","","12.2","","","","","","","","15.7","","","16.2","","",
"Equatorial Guinea","GNQ","Income share held by third 20%","SI.DST.03RD.20","","","","","","","","","","","","","","","","","","","","","","","","","","","","","","","","","","","","","","","","","","","","","","","","","","","","","","","","","","","","","","","","",
"Greece","GRC","Income share held by third 20%","SI.DST.03RD.20","","","","","","","","","","","","","","","","","","","","","","","","","","","","","","","","","","","","16.5","","","","","17","","","17.2","16.9","16.7","16.7","17","16.9","17.1","17.1","17.4","17.2","16.9","17","17","17.1","17.1","17.2","17.2","17.2","17.2","","",
"Grenada","GRD","Income share held by third 20%","SI.DST.03RD.20","","","","","","","","","","","","","","","","","","","","","","","","","","","","","","","","","","","","","","","","","","","","","","","","","","","","","","","","","","","13.5","","","","","",
"Greenland","GRL","Income share held by third 20%","SI.DST.03RD.20","","","","","","","","","","","","","","","","","","","","","","","","","","","","","","","","","","","","","","","","","","","","","","","","","","","","","","","","","","","","","","","","",
"Guatemala","GTM","Income share held by third 20%","SI.DST.03RD.20","","","","","","","","","","","","","","","","","","","","","","","","","","","11.8","","","10.7","","","","","","","","","13.2","","11.5","","","","","","11.8","","","","","","","","13.2","","","","","","","","","",
"Guam","GUM","Income share held by third 20%","SI.DST.03RD.20","","","","","","","","","","","","","","","","","","","","","","","","","","","","","","","","","","","","","","","","","","","","","","","","","","","","","","","","","","","","","","","","",
"Guyana","GUY","Income share held by third 20%","SI.DST.03RD.20","","","","","","","","","","","","","","","","","","","","","","","","","","","","","","","","","15.9","","","","","","14.5","","","","","","","","","","","","","","","","","","","","","","","","","",
"High income","HIC","Income share held by third 20%","SI.DST.03RD.20","","","","","","","","","","","","","","","","","","","","","","","","","","","","","","","","","","","","","","","","","","","","","","","","","","","","","","","","","","","","","","","","",
"Hong Kong SAR, China","HKG","Income share held by third 20%","SI.DST.03RD.20","","","","","","","","","","","","","","","","","","","","","","","","","","","","","","","","","","","","","","","","","","","","","","","","","","","","","","","","","","","","","","","","",
"Honduras","HND","Income share held by third 20%","SI.DST.03RD.20","","","","","","","","","","","","","","","","","","","","","","","","","","","","","","11.3","11.3","12.3","12.2","11.8","11.4","11.3","11.4","12.2","11.5","11.8","","11.7","11.5","10.7","10.7","10.6","11.3","11.2","11.7","12.8","12","12.4","12.1","13","13.1","13.2","13.3","13.3","13.5","13.7","","","","",
"Heavily indebted poor countries (HIPC)","HPC","Income share held by third 20%","SI.DST.03RD.20","","","","","","","","","","","","","","","","","","","","","","","","","","","","","","","","","","","","","","","","","","","","","","","","","","","","","","","","","","","","","","","","",
"Croatia","HRV","Income share held by third 20%","SI.DST.03RD.20","","","","","","","","","","","","","","","","","","","","","","","","","","","","","","","","","","","","","","","","","","","","","","","","","","17.3","17.4","17.5","17.3","17.5","17.5","17.8","17.8","18","17.8","18.1","17.9","17.9","","",
"Haiti","HTI","Income share held by third 20%","SI.DST.03RD.20","","","","","","","","","","","","","","","","","","","","","","","","","","","","","","","","","","","","","","","","","","","","","","","","","","","","","15.2","","","","","","","","","","","",
"Hungary","HUN","Income share held by third 20%","SI.DST.03RD.20","","","","","","","","","","","","","","","","","","","","","","","","","","","","","","","","","","","","","","","","","","","","","17.5","16.7","17.8","17.9","18","18.2","17.7","17.9","17.6","17.4","17.6","17.6","17.6","17.6","17.8","17.7","17.7","17.7","","",
"IBRD only","IBD","Income share held by third 20%","SI.DST.03RD.20","","","","","","","","","","","","","","","","","","","","","","","","","","","","","","","","","","","","","","","","","","","","","","","","","","","","","","","","","","","","","","","","",
"IDA & IBRD total","IBT","Income share held by third 20%","SI.DST.03RD.20","","","","","","","","","","","","","","","","","","","","","","","","","","","","","","","","","","","","","","","","","","","","","","","","","","","","","","","","","","","","","","","","",
"IDA total","IDA","Income share held by third 20%","SI.DST.03RD.20","","","","","","","","","","","","","","","","","","","","","","","","","","","","","","","","","","","","","","","","","","","","","","","","","","","","","","","","","","","","","","","","",
"IDA blend","IDB","Income share held by third 20%","SI.DST.03RD.20","","","","","","","","","","","","","","","","","","","","","","","","","","","","","","","","","","","","","","","","","","","","","","","","","","","","","","","","","","","","","","","","",
"Indonesia","IDN","Income share held by third 20%","SI.DST.03RD.20","","","","","","","","","","","","","","","","","","","","","","","","","16.4","","","16.5","","","16.3","","","16.1","","","15.5","","16.3","16.3","16.4","16.2","16.3","16.6","16.5","16.7","16.5","15.8","16.1","15.8","15.6","14.7","14.9","14.3","14.5","14.8","15.3","15.4","15.4","15.6","15.6","15.5","15.4","15.2",
"IDA only","IDX","Income share held by third 20%","SI.DST.03RD.20","","","","","","","","","","","","","","","","","","","","","","","","","","","","","","","","","","","","","","","","","","","","","","","","","","","","","","","","","","","","","","","","",
"Isle of Man","IMN","Income share held by third 20%","SI.DST.03RD.20","","","","","","","","","","","","","","","","","","","","","","","","","","","","","","","","","","","","","","","","","","","","","","","","","","","","","","","","","","","","","","","","",
"India","IND","Income share held by third 20%","SI.DST.03RD.20","","","","","","","","","","","","","","","","","","16.1","","","","","","16.4","","","","16.1","","","","","","16.2","","","","","","","","","","","15.5","","","","","15.3","","15.3","","","","15.3","15.4","14.9","15.4","16.2","16.1","16.4","","",
"Not classified","INX","Income share held by third 20%","SI.DST.03RD.20","","","","","","","","","","","","","","","","","","","","","","","","","","","","","","","","","","","","","","","","","","","","","","","","","","","","","","","","","","","","","","","","",
"Ireland","IRL","Income share held by third 20%","SI.DST.03RD.20","","","","","","","","","","","","","","","","","","","","","","","","","","","","16.4","","","","","","","15.5","15.3","15.9","","","","16.6","","16.9","16.7","16.4","16.2","16.4","16.5","17","16.7","16.9","16.7","16.6","16.7","16.7","16.9","16.3","16.6","16.6","16.6","17.1","17","","",
"Iran, Islamic Rep.","IRN","Income share held by third 20%","SI.DST.03RD.20","","","","","","","","","","","","","","","","","","","","","","","","","","","13.4","","","","14.4","","","","14.4","","","","14.2","","","","","","","14.2","13.8","","","14.7","","16.3","16.2","16.2","16.1","16","15.8","15.7","15.4","15.8","15.9","16.1","16.3","",
"Iraq","IRQ","Income share held by third 20%","SI.DST.03RD.20","","","","","","","","","","","","","","","","","","","","","","","","","","","","","","","","","","","","","","","","","","","","","","","17.1","","","","","","17.1","","","","","","","","","","","",
"Iceland","ISL","Income share held by third 20%","SI.DST.03RD.20","","","","","","","","","","","","","","","","","","","","","","","","","","","","","","","","","","","","","","","","","","","","17.6","17.2","17.1","16.7","16.8","16.4","17.3","17.9","18","17.8","17.9","17.6","17.7","17.5","17.9","","","","","","",
"Israel","ISR","Income share held by third 20%","SI.DST.03RD.20","","","","","","","","","","","","","","","","","","","","16.2","","","","","","","16.2","","","","","","16.3","","","","","16","","","","15.9","16","15.7","15.7","15.3","15.7","15.8","15.6","15.5","15.6","15.7","15.9","16","16.4","16.3","16.5","16.7","16.6","16.6","16.7","16.7","","",
"Italy","ITA","Income share held by third 20%","SI.DST.03RD.20","","","","","","","","","","","","","","","","","","16.6","16.9","17","16.8","17","17.5","17.5","17.2","","17.3","16.9","","17","","17.4","","17.2","","17","","","16.8","","17","","17","16.8","16.9","17.1","17","17.2","17.1","17.1","17","16.9","16.9","17","17.2","17.2","17.1","16.9","17","17.1","16.9","16.9","","",
"Jamaica","JAM","Income share held by third 20%","SI.DST.03RD.20","","","","","","","","","","","","","","","","","","","","","","","","","","","","","14.5","","14.4","","","16.3","","","14.9","","","13.9","","","12.6","","13.2","","","","","","","","","","","","","","15.8","","","15.2","","",
"Jordan","JOR","Income share held by third 20%","SI.DST.03RD.20","","","","","","","","","","","","","","","","","","","","","","","","","","","15.7","","","","","","14","","","","","15.5","","","","","15.3","","","","15.9","","16.1","","15.8","","","","","","","","","","","","","",
"Japan","JPN","Income share held by third 20%","SI.DST.03RD.20","","","","","","","","","","","","","","","","","","","","","","","","","","","","","","","","","","","","","","","","","","","","","","","","","17.1","","16.5","","","16.6","","","","","","","","","","",
"Kazakhstan","KAZ","Income share held by third 20%","SI.DST.03RD.20","","","","","","","","","","","","","","","","","","","","","","","","","","","","","","","","","","","","","16.1","","","","","16.2","16.1","16.4","16.6","15.2","16.6","16.7","16.9","17.1","17.1","17.1","17.1","17.3","17.3","17.2","17.2","17.1","16.8","16.8","16.5","16.3","","",
"Kenya","KEN","Income share held by third 20%","SI.DST.03RD.20","","","","","","","","","","","","","","","","","","","","","","","","","","","","","","","","","10.9","","14.6","","","13.6","","","","","","","","13.4","","","","","","","","","","14.6","","","","","15.4","14.6","","",
"Kyrgyz Republic","KGZ","Income share held by third 20%","SI.DST.03RD.20","","","","","","","","","","","","","","","","","","","","","","","","","","","","","","","","","","","","","","","","","16.4","16.7","16.7","16.8","15.7","16.1","15.1","16.1","16.7","16.7","16.9","17.1","17.3","16.9","17.2","16.8","17.1","17.1","17","16.5","16.9","16.8","17.4","",
"Cambodia","KHM","Income share held by third 20%","SI.DST.03RD.20","","","","","","","","","","","","","","","","","","","","","","","","","","","","","","","","","","","","","","","","","","","","","","","","","","","","","","","","","","","","","","","","",
"Kiribati","KIR","Income share held by third 20%","SI.DST.03RD.20","","","","","","","","","","","","","","","","","","","","","","","","","","","","","","","","","","","","","","","","","","","","","","","16","","","","","","","","","","","","","17.2","","","","",
"St. Kitts and Nevis","KNA","Income share held by third 20%","SI.DST.03RD.20","","","","","","","","","","","","","","","","","","","","","","","","","","","","","","","","","","","","","","","","","","","","","","","","","","","","","","","","","","","","","","","","",
"Korea, Rep.","KOR","Income share held by third 20%","SI.DST.03RD.20","","","","","","","","","","","","","","","","","","","","","","","","","","","","","","","","","","","","","","","","","","","","","","","17.5","","17.3","","17.3","","17.6","","17.5","","16.8","16.9","17","17","17","16.9","","",
"Kuwait","KWT","Income share held by third 20%","SI.DST.03RD.20","","","","","","","","","","","","","","","","","","","","","","","","","","","","","","","","","","","","","","","","","","","","","","","","","","","","","","","","","","","","","","","","",
"Latin America & Caribbean (excluding high income)","LAC","Income share held by third 20%","SI.DST.03RD.20","","","","","","","","","","","","","","","","","","","","","","","","","","","","","","","","","","","","","","","","","","","","","","","","","","","","","","","","","","","","","","","","",
"Lao PDR","LAO","Income share held by third 20%","SI.DST.03RD.20","","","","","","","","","","","","","","","","","","","","","","","","","","","","","","","","","15.5","","","","","15.5","","","","","16.1","","","","","15.4","","","","","15.5","","","","","","14.7","","","","","",
"Lebanon","LBN","Income share held by third 20%","SI.DST.03RD.20","","","","","","","","","","","","","","","","","","","","","","","","","","","","","","","","","","","","","","","","","","","","","","","","","","","","17","","","","","","","","","","","","",
"Liberia","LBR","Income share held by third 20%","SI.DST.03RD.20","","","","","","","","","","","","","","","","","","","","","","","","","","","","","","","","","","","","","","","","","","","","","","","","16.2","","","","","","","16.6","","16","","","","","","","",
"Libya","LBY","Income share held by third 20%","SI.DST.03RD.20","","","","","","","","","","","","","","","","","","","","","","","","","","","","","","","","","","","","","","","","","","","","","","","","","","","","","","","","","","","","","","","","",
"St. Lucia","LCA","Income share held by third 20%","SI.DST.03RD.20","","","","","","","","","","","","","","","","","","","","","","","","","","","","","","","","","","","","","","","","","","","","","","","","","","","","","","","","13.8","","","","","","","","",
"Latin America & Caribbean","LCN","Income share held by third 20%","SI.DST.03RD.20","","","","","","","","","","","","","","","","","","","","","","","","","","","","","","","","","","","","","","","","","","","","","","","","","","","","","","","","","","","","","","","","",
"Least developed countries: UN classification","LDC","Income share held by third 20%","SI.DST.03RD.20","","","","","","","","","","","","","","","","","","","","","","","","","","","","","","","","","","","","","","","","","","","","","","","","","","","","","","","","","","","","","","","","",
"Low income","LIC","Income share held by third 20%","SI.DST.03RD.20","","","","","","","","","","","","","","","","","","","","","","","","","","","","","","","","","","","","","","","","","","","","","","","","","","","","","","","","","","","","","","","","",
"Liechtenstein","LIE","Income share held by third 20%","SI.DST.03RD.20","","","","","","","","","","","","","","","","","","","","","","","","","","","","","","","","","","","","","","","","","","","","","","","","","","","","","","","","","","","","","","","","",
"Sri Lanka","LKA","Income share held by third 20%","SI.DST.03RD.20","","","","","","","","","","","","","","","","","","","","","","","","","","16.4","","","","","16","","","","","15.2","","","","","","","14.2","","","","14.4","","","15.3","","","14.6","","","","14.6","","","15","","","","",
"Lower middle income","LMC","Income share held by third 20%","SI.DST.03RD.20","","","","","","","","","","","","","","","","","","","","","","","","","","","","","","","","","","","","","","","","","","","","","","","","","","","","","","","","","","","","","","","","",
"Low & middle income","LMY","Income share held by third 20%","SI.DST.03RD.20","","","","","","","","","","","","","","","","","","","","","","","","","","","","","","","","","","","","","","","","","","","","","","","","","","","","","","","","","","","","","","","","",
"Lesotho","LSO","Income share held by third 20%","SI.DST.03RD.20","","","","","","","","","","","","","","","","","","","","","","","","","","","11.2","","","","","","","","8.9","","","","","","","","12.8","","","","","","","","","","","","","","","14.2","","","","","","",
"Late-demographic dividend","LTE","Income share held by third 20%","SI.DST.03RD.20","","","","","","","","","","","","","","","","","","","","","","","","","","","","","","","","","","","","","","","","","","","","","","","","","","","","","","","","","","","","","","","","",
"Lithuania","LTU","Income share held by third 20%","SI.DST.03RD.20","","","","","","","","","","","","","","","","","","","","","","","","","","","","","","","","","","","","","","","","","","","","","16.4","16.5","16.5","16.4","16.2","16.4","17.6","17.2","16.6","16.4","16","15.9","15.9","15.9","16.3","16.1","15.7","15.6","","",
"Luxembourg","LUX","Income share held by third 20%","SI.DST.03RD.20","","","","","","","","","","","","","","","","","","","","","","","","","","17.8","17.6","17.5","17.3","16.6","17.5","17.7","17.5","17.5","17.6","17.4","17.5","17.2","17.2","17.3","17.2","16.9","16.8","17.2","17.2","17.1","17.1","17","16.7","17.2","17.3","17.1","16.5","17","17.2","16.8","17.1","16.7","16.5","16.5","16.8","17.3","","",
"Latvia","LVA","Income share held by third 20%","SI.DST.03RD.20","","","","","","","","","","","","","","","","","","","","","","","","","","","","","","","","","","","","","","","","","","","","","15.9","15.3","16","15.9","16.1","16.5","17.1","16.4","16.5","16.2","16.3","16.4","16.5","16.4","16.3","16.4","16.2","16.6","","",
"Macao SAR, China","MAC","Income share held by third 20%","SI.DST.03RD.20","","","","","","","","","","","","","","","","","","","","","","","","","","","","","","","","","","","","","","","","","","","","","","","","","","","","","","","","","","","","","","","","",
"St. Martin (French part)","MAF","Income share held by third 20%","SI.DST.03RD.20","","","","","","","","","","","","","","","","","","","","","","","","","","","","","","","","","","","","","","","","","","","","","","","","","","","","","","","","","","","","","","","","",
"Morocco","MAR","Income share held by third 20%","SI.DST.03RD.20","","","","","","","","","","","","","","","","","","","","","","","","","16","","","","","","15","","","","","","","","14.9","","14.5","","","","","","14.5","","","","","","","14.7","","","","","","","","","","",
"Monaco","MCO","Income share held by third 20%","SI.DST.03RD.20","","","","","","","","","","","","","","","","","","","","","","","","","","","","","","","","","","","","","","","","","","","","","","","","","","","","","","","","","","","","","","","","",
"Moldova","MDA","Income share held by third 20%","SI.DST.03RD.20","","","","","","","","","","","","","","","","","","","","","","","","","","","","","","","","","","","","","","15.8","15.3","14.1","15.8","15.3","16","15.9","16.1","15.8","16.1","16.3","16.1","16.6","16.6","16.9","17.1","17.3","17.4","17.5","17.4","17.6","17.5","17.5","","17.6","","",
"Madagascar","MDG","Income share held by third 20%","SI.DST.03RD.20","","","","","","","","","","","","","","","","","","","","","13.4","","","","","","","","","","","","","13.8","","","","15.3","","15.3","","12.7","","","","14.6","","","","","14","","14.1","","","","","","","","","","","",
"Maldives","MDV","Income share held by third 20%","SI.DST.03RD.20","","","","","","","","","","","","","","","","","","","","","","","","","","","","","","","","","","","","","","","","","","","14.4","","","","","","","15.7","","","","","","","16.9","","","17","","","","",
"Middle East & North Africa","MEA","Income share held by third 20%","SI.DST.03RD.20","","","","","","","","","","","","","","","","","","","","","","","","","","","","","","","","","","","","","","","","","","","","","","","","","","","","","","","","","","","","","","","","",
"Mexico","MEX","Income share held by third 20%","SI.DST.03RD.20","","","","","","","","","","","","","","","","","","","","","","","","","","","","","","12.6","","","11.8","","11.6","","12.1","","12","","11.8","","12.5","","12.5","12.6","12.7","","12.5","","13.1","","12.6","","12.7","","13.2","","13.4","","13.8","","14.1","",
"Marshall Islands","MHL","Income share held by third 20%","SI.DST.03RD.20","","","","","","","","","","","","","","","","","","","","","","","","","","","","","","","","","","","","","","","","","","","","","","","","","","","","","","","","","","","","15.8","","","","",
"Middle income","MIC","Income share held by third 20%","SI.DST.03RD.20","","","","","","","","","","","","","","","","","","","","","","","","","","","","","","","","","","","","","","","","","","","","","","","","","","","","","","","","","","","","","","","","",
"North Macedonia","MKD","Income share held by third 20%","SI.DST.03RD.20","","","","","","","","","","","","","","","","","","","","","","","","","","","","","","","","","","","","","","","","","","","","","","","","","","15.6","16.9","16.5","16.7","16.8","17.2","17.4","17.9","17.9","18.1","18","","","","",
"Mali","MLI","Income share held by third 20%","SI.DST.03RD.20","","","","","","","","","","","","","","","","","","","","","","","","","","","","","","","","","","","11.9","","","","","","","14.7","","","","","14.9","","","16.2","","","","","","","","","15.4","","","15.4","","",
"Malta","MLT","Income share held by third 20%","SI.DST.03RD.20","","","","","","","","","","","","","","","","","","","","","","","","","","","","","","","","","","","","","","","","","","","","","","","17.9","17.7","17.5","17.3","17.6","17.6","17.6","17.5","17.6","17.4","17.5","17.6","17.7","16.9","17","","","",
"Myanmar","MMR","Income share held by third 20%","SI.DST.03RD.20","","","","","","","","","","","","","","","","","","","","","","","","","","","","","","","","","","","","","","","","","","","","","","","","","","","","","","","","15","","16.6","","","","","","",
"Middle East & North Africa (excluding high income)","MNA","Income share held by third 20%","SI.DST.03RD.20","","","","","","","","","","","","","","","","","","","","","","","","","","","","","","","","","","","","","","","","","","","","","","","","","","","","","","","","","","","","","","","","",
"Montenegro","MNE","Income share held by third 20%","SI.DST.03RD.20","","","","","","","","","","","","","","","","","","","","","","","","","","","","","","","","","","","","","","","","","","","","","","","","","","","","","15.9","16.3","16.5","16.3","16.4","17.1","17.1","16.9","16.9","17.2","","",
"Mongolia","MNG","Income share held by third 20%","SI.DST.03RD.20","","","","","","","","","","","","","","","","","","","","","","","","","","","","","","","","","","","","16.8","","","17.7","","","","16.8","","","","","15.8","","","16.5","16.1","16.3","","16.7","","16.6","","16.5","","","","16.8","",
"Northern Mariana Islands","MNP","Income share held by third 20%","SI.DST.03RD.20","","","","","","","","","","","","","","","","","","","","","","","","","","","","","","","","","","","","","","","","","","","","","","","","","","","","","","","","","","","","","","","","",
"Mozambique","MOZ","Income share held by third 20%","SI.DST.03RD.20","","","","","","","","","","","","","","","","","","","","","","","","","","","","","","","","","","","","","11.1","","","","","","13","","","","","","13.7","","","","","","11.2","","","","","12.4","","","","",
"Mauritania","MRT","Income share held by third 20%","SI.DST.03RD.20","","","","","","","","","","","","","","","","","","","","","","","","","","","","15","","","","","","12.3","","15.7","","","","","15.2","","","","14.7","","","","16.3","","","","","","16.9","","","","","16.8","","","","",
"Mauritius","MUS","Income share held by third 20%","SI.DST.03RD.20","","","","","","","","","","","","","","","","","","","","","","","","","","","","","","","","","","","","","","","","","","","","","","","15.5","","","","","","15.1","","","","","15.5","","","","","","",
"Malawi","MWI","Income share held by third 20%","SI.DST.03RD.20","","","","","","","","","","","","","","","","","","","","","","","","","","","","","","","","","","","","","","8.1","","","","","","","14.5","","","","","","13.4","","","","","","13.3","","","14.9","","","","",
"Malaysia","MYS","Income share held by third 20%","SI.DST.03RD.20","","","","","","","","","","","","","","","","","","","","","","","","","13","","","13.3","","13.5","","","13.1","","","13","","12.8","","","","","","13.6","","","13.9","","13.8","","","14.1","","14.7","","14.8","","","14.8","","","15","","",
"North America","NAC","Income share held by third 20%","SI.DST.03RD.20","","","","","","","","","","","","","","","","","","","","","","","","","","","","","","","","","","","","","","","","","","","","","","","","","","","","","","","","","","","","","","","","",
"Namibia","NAM","Income share held by third 20%","SI.DST.03RD.20","","","","","","","","","","","","","","","","","","","","","","","","","","","","","","","","","","","","","","","","","","","","8.1","","","","","","8.9","","","","","","9.8","","","","","","","","",
"New Caledonia","NCL","Income share held by third 20%","SI.DST.03RD.20","","","","","","","","","","","","","","","","","","","","","","","","","","","","","","","","","","","","","","","","","","","","","","","","","","","","","","","","","","","","","","","","",
"Niger","NER","Income share held by third 20%","SI.DST.03RD.20","","","","","","","","","","","","","","","","","","","","","","","","","","","","","","","","","15.7","","14.5","","","","","","","","","","","13.7","","14.8","","","","16.3","","","16","","","","15","","","15.9","","",
"Nigeria","NGA","Income share held by third 20%","SI.DST.03RD.20","","","","","","","","","","","","","","","","","","","","","","","","","","15.5","","","","","","","14.4","","","","12.3","","","","","","","15.4","","","","","","","15.9","","15.9","","","15.8","","","16.2","","","","","",
"Nicaragua","NIC","Income share held by third 20%","SI.DST.03RD.20","","","","","","","","","","","","","","","","","","","","","","","","","","","","","","","","","","11.2","","","","","11.8","","","11.8","","","","12.8","","","","14.1","","","","","13.7","","","","","","","","","",
"Netherlands","NLD","Income share held by third 20%","SI.DST.03RD.20","","","","","","","","","","","","","","","","","","","","","","","","17.3","","","","17.4","","","16.7","","","17.2","","","","","","17.3","","","","","17.3","17.3","17","17.1","17.3","17.6","17.7","17.6","17.6","17.6","17.4","17.5","17.6","17.5","17.6","17.4","18.3","18.3","","",
"Norway","NOR","Income share held by third 20%","SI.DST.03RD.20","","","","","","","","","","","","","","","","","","","","17.4","","","","","","","18","","","","","17.9","","","","17.8","","","","","17.3","","","17.3","16.4","16.6","18","17.5","17.7","17.9","18","18.2","18.1","17.9","18","17.7","17.7","18","17.8","17.7","","","","",
"Nepal","NPL","Income share held by third 20%","SI.DST.03RD.20","","","","","","","","","","","","","","","","","","","","","","","","","","","","","","","","","","","","15.6","","","","","","","","13.4","","","","","","","16.2","","","","","","","","","","","","17","",
"Nauru","NRU","Income share held by third 20%","SI.DST.03RD.20","","","","","","","","","","","","","","","","","","","","","","","","","","","","","","","","","","","","","","","","","","","","","","","","","","","","","16.5","","","","","","","","","","","",
"New Zealand","NZL","Income share held by third 20%","SI.DST.03RD.20","","","","","","","","","","","","","","","","","","","","","","","","","","","","","","","","","","","","","","","","","","","","","","","","","","","","","","","","","","","","","","","","",
"OECD members","OED","Income share held by third 20%","SI.DST.03RD.20","","","","","","","","","","","","","","","","","","","","","","","","","","","","","","","","","","","","","","","","","","","","","","","","","","","","","","","","","","","","","","","","",
"Oman","OMN","Income share held by third 20%","SI.DST.03RD.20","","","","","","","","","","","","","","","","","","","","","","","","","","","","","","","","","","","","","","","","","","","","","","","","","","","","","","","","","","","","","","","","",
"Other small states","OSS","Income share held by third 20%","SI.DST.03RD.20","","","","","","","","","","","","","","","","","","","","","","","","","","","","","","","","","","","","","","","","","","","","","","","","","","","","","","","","","","","","","","","","",
"Pakistan","PAK","Income share held by third 20%","SI.DST.03RD.20","","","","","","","","","","","","","","","","","","","","","","","","","","","","15.9","","","16.3","","","","","","16.5","","15.8","","","16.6","","","16.2","16","","16.3","","","16.6","16.4","","16.6","","16","","","16.4","","","","","",
"Panama","PAN","Income share held by third 20%","SI.DST.03RD.20","","","","","","","","","","","","","","","","","","","","13.1","","","","","","","","","","11.6","","11.5","","","","11.6","","11.1","11.5","11.5","11.4","11.6","11.4","11.5","11.7","11.9","11.8","12.4","12.4","12.4","12.6","12.6","12.7","12.7","13.1","12.8","12.9","13.3","13.4","13.2","","12.5","","13.3",
"Peru","PER","Income share held by third 20%","SI.DST.03RD.20","","","","","","","","","","","","","","","","","","","","","","","","","","","","","","","","","","","","","","12.4","11.7","11.7","13.6","12.7","12.2","12","13.1","13","13.2","13.3","14","13.9","14.4","14.8","14.8","14.9","15","14.8","14.8","14.9","15","15.2","14.6","15.2","15.2","",
"Philippines","PHL","Income share held by third 20%","SI.DST.03RD.20","","","","","","","","","","","","","","","","","","","","","","","","","","","","","","","","","","","","","","","","","12.7","","","13.1","","","12.8","","","13","","","13","","","13.4","","","14","","","14.3","","",
"Palau","PLW","Income share held by third 20%","SI.DST.03RD.20","","","","","","","","","","","","","","","","","","","","","","","","","","","","","","","","","","","","","","","","","","","","","","","","","","","","","","","","","","","","","","","","",
"Papua New Guinea","PNG","Income share held by third 20%","SI.DST.03RD.20","","","","","","","","","","","","","","","","","","","","","","","","","","","","","","","","","","","","","13.5","","","","","","","","","","","","","15.2","","","","","","","","","","","","","","",
"Poland","POL","Income share held by third 20%","SI.DST.03RD.20","","","","","","","","","","","","","","","","","","","","","","","","","","","","","","","","","","","","","","","","","","","","","16.3","16.5","16.6","16.6","16.8","16.9","16.9","17","17","17","17.1","17.5","17.1","17.5","17.4","17.6","17.7","17.7","","",
"Pre-demographic dividend","PRE","Income share held by third 20%","SI.DST.03RD.20","","","","","","","","","","","","","","","","","","","","","","","","","","","","","","","","","","","","","","","","","","","","","","","","","","","","","","","","","","","","","","","","",
"Puerto Rico","PRI","Income share held by third 20%","SI.DST.03RD.20","","","","","","","","","","","","","","","","","","","","","","","","","","","","","","","","","","","","","","","","","","","","","","","","","","","","","","","","","","","","","","","","",
"Korea, Dem. People's Rep.","PRK","Income share held by third 20%","SI.DST.03RD.20","","","","","","","","","","","","","","","","","","","","","","","","","","","","","","","","","","","","","","","","","","","","","","","","","","","","","","","","","","","","","","","","",
"Portugal","PRT","Income share held by third 20%","SI.DST.03RD.20","","","","","","","","","","","","","","","","","","","","","","","","","","","","","","","","","","","","","","","","","","","","15.3","15.1","15","15.1","15.7","15.8","16.3","15.9","15.8","16.2","16.3","16.4","16.3","16.3","16.5","16.5","16.7","16.4","16.1","","",
"Paraguay","PRY","Income share held by third 20%","SI.DST.03RD.20","","","","","","","","","","","","","","","","","","","","","","","","","","","","","","","14.6","","","","","11","","12.1","","11.8","","11.9","11.1","11.4","12","12.2","12.1","12.1","12.4","13.2","12.8","12.5","13.8","13.1","12.6","13.4","13.2","12.9","13.7","13.7","14.4","14.4","13.9","",
"West Bank and Gaza","PSE","Income share held by third 20%","SI.DST.03RD.20","","","","","","","","","","","","","","","","","","","","","","","","","","","","","","","","","","","","","","","","","","","","","16.3","16.1","16.1","16.1","","15.9","15.7","15.9","","","","","16.6","","","","","","","",
"Pacific island small states","PSS","Income share held by third 20%","SI.DST.03RD.20","","","","","","","","","","","","","","","","","","","","","","","","","","","","","","","","","","","","","","","","","","","","","","","","","","","","","","","","","","","","","","","","",
"Post-demographic dividend","PST","Income share held by third 20%","SI.DST.03RD.20","","","","","","","","","","","","","","","","","","","","","","","","","","","","","","","","","","","","","","","","","","","","","","","","","","","","","","","","","","","","","","","","",
"French Polynesia","PYF","Income share held by third 20%","SI.DST.03RD.20","","","","","","","","","","","","","","","","","","","","","","","","","","","","","","","","","","","","","","","","","","","","","","","","","","","","","","","","","","","","","","","","",
"Qatar","QAT","Income share held by third 20%","SI.DST.03RD.20","","","","","","","","","","","","","","","","","","","","","","","","","","","","","","","","","","","","","","","","","","","","","","","","","","","","","","","","","","16.7","","","","","","",
"Romania","ROU","Income share held by third 20%","SI.DST.03RD.20","","","","","","","","","","","","","","","","","","","","","","","","","","","","","","","","","","","","","","","","","","","","","","","16.3","16.6","16.7","16.9","17.1","17.1","17.1","17.4","17.8","17.7","17.9","17.4","17.3","17.7","17.8","17.7","","",
"Russian Federation","RUS","Income share held by third 20%","SI.DST.03RD.20","","","","","","","","","","","","","","","","","","","","","","","","","","","","","","","","","","","","","","","","","","","","","","","","","","","","","","","16.2","16.3","16.1","16.5","16.4","16.3","16.5","16.2","","",
"Rwanda","RWA","Income share held by third 20%","SI.DST.03RD.20","","","","","","","","","","","","","","","","","","","","","","","","","","","","","","","","","","","","","","","","","12.6","","","","","11.7","","","","","12.7","","","13.2","","","13.6","","","","","","","",
"South Asia","SAS","Income share held by third 20%","SI.DST.03RD.20","","","","","","","","","","","","","","","","","","","","","","","","","","","","","","","","","","","","","","","","","","","","","","","","","","","","","","","","","","","","","","","","",
"Saudi Arabia","SAU","Income share held by third 20%","SI.DST.03RD.20","","","","","","","","","","","","","","","","","","","","","","","","","","","","","","","","","","","","","","","","","","","","","","","","","","","","","","","","","","","","","","","","",
"Sudan","SDN","Income share held by third 20%","SI.DST.03RD.20","","","","","","","","","","","","","","","","","","","","","","","","","","","","","","","","","","","","","","","","","","","","","","","","","","16.3","","","","","16.1","","","","","","","","","",
"Senegal","SEN","Income share held by third 20%","SI.DST.03RD.20","","","","","","","","","","","","","","","","","","","","","","","","","","","","","","","","11.6","","","14.9","","","","","","","14.2","","","","15.2","","","","","","15","","","","","","","14.9","","","15.6","","",
"Singapore","SGP","Income share held by third 20%","SI.DST.03RD.20","","","","","","","","","","","","","","","","","","","","","","","","","","","","","","","","","","","","","","","","","","","","","","","","","","","","","","","","","","","","","","","","",
"Solomon Islands","SLB","Income share held by third 20%","SI.DST.03RD.20","","","","","","","","","","","","","","","","","","","","","","","","","","","","","","","","","","","","","","","","","","","","","","13.3","","","","","","","15.5","","","","","","","","","","","",
"Sierra Leone","SLE","Income share held by third 20%","SI.DST.03RD.20","","","","","","","","","","","","","","","","","","","","","","","","","","","","","","","","","","","","","","","","","","","","14.4","","","","","","","","15.8","","","","","","","15.3","","","","","",
"El Salvador","SLV","Income share held by third 20%","SI.DST.03RD.20","","","","","","","","","","","","","","","","","","","","","","","","","","","","","","14.4","","12.3","","","","13.1","12.8","","12.6","12.9","12.7","12.8","12.7","13.4","13.6","13.3","13.8","13.7","13.3","13.8","14.4","14.5","14.7","14.3","14.7","14.8","15.2","15.7","15.5","15.4","","15.9","15.9","",
"San Marino","SMR","Income share held by third 20%","SI.DST.03RD.20","","","","","","","","","","","","","","","","","","","","","","","","","","","","","","","","","","","","","","","","","","","","","","","","","","","","","","","","","","","","","","","","",
"Somalia","SOM","Income share held by third 20%","SI.DST.03RD.20","","","","","","","","","","","","","","","","","","","","","","","","","","","","","","","","","","","","","","","","","","","","","","","","","","","","","","","","","","","","","","","","",
"Serbia","SRB","Income share held by third 20%","SI.DST.03RD.20","","","","","","","","","","","","","","","","","","","","","","","","","","","","","","","","","","","","","","","","","","","","","","","","","","","","","16.3","16.6","16.6","16.5","17","17.4","17.3","17.1","16.9","17.1","","",
"Sub-Saharan Africa (excluding high income)","SSA","Income share held by third 20%","SI.DST.03RD.20","","","","","","","","","","","","","","","","","","","","","","","","","","","","","","","","","","","","","","","","","","","","","","","","","","","","","","","","","","","","","","","","",
"South Sudan","SSD","Income share held by third 20%","SI.DST.03RD.20","","","","","","","","","","","","","","","","","","","","","","","","","","","","","","","","","","","","","","","","","","","","","","","","","","14.2","","","","","","","14.2","","","","","","","",
"Sub-Saharan Africa","SSF","Income share held by third 20%","SI.DST.03RD.20","","","","","","","","","","","","","","","","","","","","","","","","","","","","","","","","","","","","","","","","","","","","","","","","","","","","","","","","","","","","","","","","",
"Small states","SST","Income share held by third 20%","SI.DST.03RD.20","","","","","","","","","","","","","","","","","","","","","","","","","","","","","","","","","","","","","","","","","","","","","","","","","","","","","","","","","","","","","","","","",
"Sao Tome and Principe","STP","Income share held by third 20%","SI.DST.03RD.20","","","","","","","","","","","","","","","","","","","","","","","","","","","","","","","","","","","","","","","","","16.7","","","","","","","","","","16.8","","","","","","","14.6","","","","","","",
"Suriname","SUR","Income share held by third 20%","SI.DST.03RD.20","","","","","","","","","","","","","","","","","","","","","","","","","","","","","","","","","","","","","","","","","","","","","","","","","","","","","","","","","","","","","","","15.3","",
"Slovak Republic","SVK","Income share held by third 20%","SI.DST.03RD.20","","","","","","","","","","","","","","","","","","","","","","","","","","","","","","","","","","","","","","","","","","","","","18.5","17.5","18.3","18.5","18.2","18.2","18.2","18.4","18.7","18.3","19","18.7","19","19.1","18.8","19","19.1","19","","",
"Slovenia","SVN","Income share held by third 20%","SI.DST.03RD.20","","","","","","","","","","","","","","","","","","","","","","","","","","","","","","","","","","","","","","","","","","","","","18.2","18.2","18.2","18.2","18.3","18.2","18.2","18.2","18.2","18.1","18.1","18.2","18.3","18.3","18.1","18.2","18.2","18.1","","",
"Sweden","SWE","Income share held by third 20%","SI.DST.03RD.20","","","","","","","","","","","","","","","","18.2","","","","","","18.7","","","","","","18.3","","","","","18.1","","","18.4","","","","","17.5","17.5","17.7","18.3","17.9","18.2","18","17.8","17.6","17.8","17.8","17.8","17.9","17.7","17.7","17.5","17.5","17.6","17.6","17.6","17.7","17.6","","",
"Eswatini","SWZ","Income share held by third 20%","SI.DST.03RD.20","","","","","","","","","","","","","","","","","","","","","","","","","","","","","","","","","","","10.2","","","","","","10.9","","","","","","","","","11.8","","","","","","","10.7","","","","","","","",
"Sint Maarten (Dutch part)","SXM","Income share held by third 20%","SI.DST.03RD.20","","","","","","","","","","","","","","","","","","","","","","","","","","","","","","","","","","","","","","","","","","","","","","","","","","","","","","","","","","","","","","","","",
"Seychelles","SYC","Income share held by third 20%","SI.DST.03RD.20","","","","","","","","","","","","","","","","","","","","","","","","","","","","","","","","","","","","","","","","","","","","","","","","","","","","","","13.3","","","","","17.7","","","","","",
"Syrian Arab Republic","SYR","Income share held by third 20%","SI.DST.03RD.20","","","","","","","","","","","","","","","","","","","","","","","","","","","","","","","","","","","","","15.6","","","","","","","15","","","15","","","14.8","","","","","","","","","","","","","17.9","",
"Turks and Caicos Islands","TCA","Income share held by third 20%","SI.DST.03RD.20","","","","","","","","","","","","","","","","","","","","","","","","","","","","","","","","","","","","","","","","","","","","","","","","","","","","","","","","","","","","","","","","",
"Chad","TCD","Income share held by third 20%","SI.DST.03RD.20","","","","","","","","","","","","","","","","","","","","","","","","","","","","","","","","","","","","","","","","","","","","14.9","","","","","","","","14.8","","","","","","","15.2","","","","15.9","",
"East Asia & Pacific (IDA & IBRD countries)","TEA","Income share held by third 20%","SI.DST.03RD.20","","","","","","","","","","","","","","","","","","","","","","","","","","","","","","","","","","","","","","","","","","","","","","","","","","","","","","","","","","","","","","","","",
"Europe & Central Asia (IDA & IBRD countries)","TEC","Income share held by third 20%","SI.DST.03RD.20","","","","","","","","","","","","","","","","","","","","","","","","","","","","","","","","","","","","","","","","","","","","","","","","","","","","","","","","","","","","","","","","",
"Togo","TGO","Income share held by third 20%","SI.DST.03RD.20","","","","","","","","","","","","","","","","","","","","","","","","","","","","","","","","","","","","","","","","","","","","","","","13.9","","","","","13.4","","","","14.4","","","14.2","","","15.4","","",
"Thailand","THA","Income share held by third 20%","SI.DST.03RD.20","","","","","","","","","","","","","","","","","","","","","","13.5","","","","","","","13.5","","12.9","","12.3","","13.5","","13.7","","14","13.6","13.6","","14","","14","","14.3","14.7","14.6","14.8","14.8","15.1","14.8","15.1","15.3","15.5","15.3","15.5","15.5","15.7","15.8","15.7","","",
"Tajikistan","TJK","Income share held by third 20%","SI.DST.03RD.20","","","","","","","","","","","","","","","","","","","","","","","","","","","","","","","","","","","","","","","","17.4","","","","16.5","16.4","","","17.1","","17.1","","","","","","16.4","","","","","","","","",
"Turkmenistan","TKM","Income share held by third 20%","SI.DST.03RD.20","","","","","","","","","","","","","","","","","","","","","","","","","","","","","","","","","","","","","","","14.5","","","","","","","","","","","","","","","","","","","","","","","","","",
"Latin America & the Caribbean (IDA & IBRD countries)","TLA","Income share held by third 20%","SI.DST.03RD.20","","","","","","","","","","","","","","","","","","","","","","","","","","","","","","","","","","","","","","","","","","","","","","","","","","","","","","","","","","","","","","","","",
"Timor-Leste","TLS","Income share held by third 20%","SI.DST.03RD.20","","","","","","","","","","","","","","","","","","","","","","","","","","","","","","","","","","","","","","","","","","15.6","","","","","","17.2","","","","","","","16.9","","","","","","","","","",
"Middle East & North Africa (IDA & IBRD countries)","TMN","Income share held by third 20%","SI.DST.03RD.20","","","","","","","","","","","","","","","","","","","","","","","","","","","","","","","","","","","","","","","","","","","","","","","","","","","","","","","","","","","","","","","","",
"Tonga","TON","Income share held by third 20%","SI.DST.03RD.20","","","","","","","","","","","","","","","","","","","","","","","","","","","","","","","","","","","","","","","","","15.9","","","","","","","","","15.5","","","","","","16.6","","","","","","17.6","","",
"South Asia (IDA & IBRD)","TSA","Income share held by third 20%","SI.DST.03RD.20","","","","","","","","","","","","","","","","","","","","","","","","","","","","","","","","","","","","","","","","","","","","","","","","","","","","","","","","","","","","","","","","",
"Sub-Saharan Africa (IDA & IBRD countries)","TSS","Income share held by third 20%","SI.DST.03RD.20","","","","","","","","","","","","","","","","","","","","","","","","","","","","","","","","","","","","","","","","","","","","","","","","","","","","","","","","","","","","","","","","",
"Trinidad and Tobago","TTO","Income share held by third 20%","SI.DST.03RD.20","","","","","","","","","","","","","","","","","","","","","","","","","","","","","14.9","","","","15.5","","","","","","","","","","","","","","","","","","","","","","","","","","","","","","","",
"Tunisia","TUN","Income share held by third 20%","SI.DST.03RD.20","","","","","","","","","","","","","","","","","","","","","","","","","","14.2","","","","","15.2","","","","","14.7","","","","","14.9","","","","","15.6","","","","","16.1","","","","","16.5","","","","","","16.4","","",
"Turkiye","TUR","Income share held by third 20%","SI.DST.03RD.20","","","","","","","","","","","","","","","","","","","","","","","","","","","","","","","","","","","","","","","","","","","","","","","","","","","","","","","","","","14.3","14.6","14.3","14.5","14.2","","",
"Tuvalu","TUV","Income share held by third 20%","SI.DST.03RD.20","","","","","","","","","","","","","","","","","","","","","","","","","","","","","","","","","","","","","","","","","","","","","","","","","","","14.9","","","","","","","","","","","","","",
"Tanzania","TZA","Income share held by third 20%","SI.DST.03RD.20","","","","","","","","","","","","","","","","","","","","","","","","","","","","","","","","15.9","","","","","","","","","15.4","","","","","","","14.7","","","","14.9","","","","","","","14.2","","","","","",
"Uganda","UGA","Income share held by third 20%","SI.DST.03RD.20","","","","","","","","","","","","","","","","","","","","","","","","","","","","","","14.3","","","14.6","","","","14.9","","","14.1","","","13.3","","","13.8","","","","13.5","","","14.3","","","","13.8","","","14.1","","","","",
"Ukraine","UKR","Income share held by third 20%","SI.DST.03RD.20","","","","","","","","","","","","","","","","","","","","","","","","","","","","","","","","","17.7","17.3","","15.4","16.2","","","","","","17.3","17.2","17.3","17.2","17","17.6","17.6","17.8","17.9","18","17.9","17.9","18","17.8","17.9","17.8","17.8","17.5","17.6","","","",
"Upper middle income","UMC","Income share held by third 20%","SI.DST.03RD.20","","","","","","","","","","","","","","","","","","","","","","","","","","","","","","","","","","","","","","","","","","","","","","","","","","","","","","","","","","","","","","","","",
"Uruguay","URY","Income share held by third 20%","SI.DST.03RD.20","","","","","","","","","","","","","","","","","","","","","","14.6","","","","","","","","14.9","","","15","","","15.2","15.2","15.1","14.9","","14.7","13.9","13.8","13.8","13.7","14.1","13.5","13.4","13.8","13.8","14","14.7","15.4","15.3","15.4","15.4","15.4","15.4","15.3","15.4","15.3","15.1","15.2","",
"United States","USA","Income share held by third 20%","SI.DST.03RD.20","","","","16.4","16.2","16.4","16.4","16.5","16.6","16.6","16.6","16.5","16.7","16.8","16.9","16.9","16.9","16.8","17.1","17","17","16.8","16.7","16.6","16.6","16.5","16.5","16.6","16.4","16.3","16.3","16.4","16.3","15.8","15.8","15.7","15.6","15.6","15.8","15.7","15.6","15.6","15.7","15.6","15.7","15.5","15.4","15.6","15.6","15.5","15.8","15.5","15.5","15.5","15","15.2","15.3","15.4","15.3","15.3","15.6","15.3","15.3","",
"Uzbekistan","UZB","Income share held by third 20%","SI.DST.03RD.20","","","","","","","","","","","","","","","","","","","","","","","","","","","","","","","","","","","","","","","14.8","","15.8","","16.1","15.8","","","","","","","","","","","","","","","","","","","17.7","",
"St. Vincent and the Grenadines","VCT","Income share held by third 20%","SI.DST.03RD.20","","","","","","","","","","","","","","","","","","","","","","","","","","","","","","","","","","","","","","","","","","","","","","","","","","","","","","","","","","","","","","","","",
"Venezuela, RB","VEN","Income share held by third 20%","SI.DST.03RD.20","","","","","","","","","","","","","","","","","","","","","","11.2","","","","","","11.6","","14.9","","","15","","","13.8","","","13.8","13.8","","13.7","13.5","14","14.1","13.9","14.6","","","","","","","","","","","","","","","","","",
"British Virgin Islands","VGB","Income share held by third 20%","SI.DST.03RD.20","","","","","","","","","","","","","","","","","","","","","","","","","","","","","","","","","","","","","","","","","","","","","","","","","","","","","","","","","","","","","","","","",
"Virgin Islands (U.S.)","VIR","Income share held by third 20%","SI.DST.03RD.20","","","","","","","","","","","","","","","","","","","","","","","","","","","","","","","","","","","","","","","","","","","","","","","","","","","","","","","","","","","","","","","","",
"Viet Nam","VNM","Income share held by third 20%","SI.DST.03RD.20","","","","","","","","","","","","","","","","","","","","","","","","","","","","","","","","","15.3","","","","","15.2","","","","","14.8","","15.3","","15.8","","15.7","","15","","16.1","","16.4","","16.3","","16.3","","15.9","","16.1","",
"Vanuatu","VUT","Income share held by third 20%","SI.DST.03RD.20","","","","","","","","","","","","","","","","","","","","","","","","","","","","","","","","","","","","","","","","","","","","","","","","","","","15.6","","","","","","","","","17.2","","","","",
"World","WLD","Income share held by third 20%","SI.DST.03RD.20","","","","","","","","","","","","","","","","","","","","","","","","","","","","","","","","","","","","","","","","","","","","","","","","","","","","","","","","","","","","","","","","",
"Samoa","WSM","Income share held by third 20%","SI.DST.03RD.20","","","","","","","","","","","","","","","","","","","","","","","","","","","","","","","","","","","","","","","","","","","14.6","","","","","","14.1","","","","","14.9","","","","","","","","","","",
"Kosovo","XKX","Income share held by third 20%","SI.DST.03RD.20","","","","","","","","","","","","","","","","","","","","","","","","","","","","","","","","","","","","","","","","","","","","17.2","","16.7","16.9","","","16.8","16.2","17.4","17.4","17.6","17.8","17.7","17.6","17.1","","","","","","",
"Yemen, Rep.","YEM","Income share held by third 20%","SI.DST.03RD.20","","","","","","","","","","","","","","","","","","","","","","","","","","","","","","","","","","","","","","","16.2","","","","","","","15.9","","","","","","","","","15.3","","","","","","","","","",
"South Africa","ZAF","Income share held by third 20%","SI.DST.03RD.20","","","","","","","","","","","","","","","","","","","","","","","","","","","","","","","","","","9.3","","","","","","","9.9","","","","","7.5","","","8.1","","8","","","","8.2","","","","","","","","","",
"Zambia","ZMB","Income share held by third 20%","SI.DST.03RD.20","","","","","","","","","","","","","","","","","","","","","","","","","","","","","","","","10.7","","12.3","","","12.9","","12.8","","","","14.2","","11.2","","11.1","","","","11.6","","","","","10.9","","","","","","","11.9","",
"Zimbabwe","ZWE","Income share held by third 20%","SI.DST.03RD.20","","","","","","","","","","","","","","","","","","","","","","","","","","","","","","","","","","","","","","","","","","","","","","","","","","","","14","","","","","","13.2","","","","","","",
